-- insetrion des données dans communes
INSERT INTO COMMUNE
VALUES (1, 'Bordeaux', '33000', 261604),
(2, 'Talence', '33400', 45225),
(3, 'Pessac', '33600', 66760),
(4, 'Lormont', '33310', 23291),
(5, 'Mérignac', '33700', 75729),
(6, 'Gradignan', '33170', 25835),
(7, 'Floirac', '33270', 17749),
(8, 'Bègles', '33130', 30813),
(9, 'Cenon', '33150', 26778),
(10, 'Eysines', '33320', 24374);
-- insertion des données dans camions
INSERT INTO CAMION (numImmat, nomProprietaire, miseEnService)
VALUES ('AB-123-CD', 'Bordeaux Metropole', '2020-05-05'),
('XZ-985-UI', 'Bordeaux Metropole', '2010-07-08'),
('VG-244-SW', 'Bordeaux Metropole', '2022-03-22'),
('FJ-655-JK', 'Veolia', '2022-03-22'),
('BN-999-TY', 'Veolia', '2015-12-01'),
('CX-224-PK', 'Veolia', '2020-05-05'),
('HT-188-BB', 'Semoctom', '2020-05-05'),
('OL-741-VB', 'Semoctom', '2023-08-09'),
('TB-555-PP', 'Semoctom', '2020-11-18'),
('FD-442-WS', 'Veolia', '2021-05-05');
-- insertion des données dans typedechet
INSERT INTO TYPEDECHET
VALUES ('CA', 'carton'),
('PA', 'papier'),
('VE', 'verre'),
('PL', 'plastique'),
('OR', 'organique'),
('TE', 'textile');
-- insertion des données dans depot
INSERT INTO DEPOT (dateDepot, heureDepot, poidsArrivee, poidsDepart, codeType, numImmat, codeCommune)
VALUES ('2024-01-01','09:00',7500,7000,'VE','AB-123-CD',2),
('2024-01-08','10:00',7750,7000,'VE','AB-123-CD',2),
('2024-01-15','09:20',8000,7500,'VE','VG-244-SW',2),
('2024-01-22','08:00',7633,7500,'VE','VG-244-SW',2),
('2024-01-29','09:00',7700,7200,'VE','TB-555-PP',2),
('2024-01-01','09:00',7500,7000,'VE','AB-123-CD',4),
('2024-03-08','10:00',7750,7000,'CA','AB-123-CD',4),
('2024-03-15','09:20',8000,7500,'VE','VG-244-SW',4),
('2024-03-22','08:00',7633,7500,'PA','VG-244-SW',4),
('2024-04-29','09:00',7750,7200,'PL','TB-555-PP',4),
('2024-01-29','09:30',7800,7200,'PL','TB-555-PP',4),
('2024-04-12','08:00',7600,7200,'PL','TB-555-PP',4),
('2024-05-15','10:00',7900,7200,'PL','TB-555-PP',4),
('2024-05-15','11:00',7750,7200,'PL','TB-555-PP',4),
('2024-04-29','09:00',7500,7200,'PL','TB-555-PP',4),
('2024-05-29','09:00',7950,7200,'VE','TB-555-PP',1),
('2024-05-29','09:00',7500,7000,'VE','AB-123-CD',2),
('2024-05-29','09:00',8000,7500,'VE','VG-244-SW',3),
('2024-05-29','09:00',7900,7500,'VE','VG-244-SW',3),
('2024-05-29','09:00',7900,7200,'VE','FD-442-WS',2),
('2024-05-29','09:00',7900,7200,'VE','FD-442-WS',2),
('2024-05-29','09:00',7900,7200,'CA','FD-442-WS',2),
('2024-05-29','09:00',7900,7200,'CA','FD-442-WS',2),
('2024-05-29','09:00',7900,7200,'CA','FD-442-WS',2),
('2024-05-29','09:00',7900,7200,'VE','FD-442-WS',2);